{
  "generated_at": "2026-07-20T21:37:03.320980+00:00",
  "retrieval": {
    "num_records": 150,
    "precision_at_k": {
      "1": 0.6466666666666666,
      "3": 0.30444444444444446,
      "5": 0.18266666666666667
    },
    "recall_at_k": {
      "1": 0.6466666666666666,
      "3": 0.9133333333333333,
      "5": 0.9133333333333333
    },
    "mrr": 0.78,
    "hallucination_rate": 0.0,
    "faithfulness_score": 0.0,
    "fallback_rate": 0.0,
    "latency": {
      "p50": 0.009,
      "p95": 0.0111
    },
    "avg_cost_per_query": 0.0,
    "passed": true,
    "failures": [],
    "sample_size": 150,
    "unique_passages_in_sample": 10
  },
  "guardrails": {
    "sample_size": 500,
    "query_false_positive_rate": 0.0,
    "answer_false_positive_rate": 0.0,
    "adversarial_input_catch_rate": 1.0,
    "adversarial_output_catch_rate": 1.0,
    "adversarial_probes": 8
  },
  "oracle_baseline": {
    "sample_size": 15,
    "hallucination_rate": 0.2,
    "faithfulness_score": 0.5666666666666667,
    "latency_p50": 17.774523496627808
  },
  "self_healing": {
    "sample_size": 15,
    "accepted_rate": 0.8666666666666667,
    "fallback_rate": 0.13333333333333333,
    "hallucination_rate_among_accepted": 0.0,
    "avg_attempts": 1.2,
    "latency_p50": 18.236526012420654,
    "latency_max": 25.740020036697388
  }
}